Label,GCCTG,ATCGGC,AGCGGCC,GCTGCCTG,TCGGCAAGC,TCCGAGCCTC
0,1385,626,41,16,2,0
0,1386,609,42,16,2,0
0,1387,609,42,16,2,0
0,1402,615,42,16,2,0
0,1429,611,45,19,5,0
0,1386,610,42,16,2,0
0,1371,619,37,18,3,0
0,1376,616,41,16,2,0
0,1381,605,41,16,2,0
0,1575,673,59,23,4,0
0,1375,584,44,16,2,0
0,1525,635,58,20,3,0
0,1440,621,37,18,2,0
0,1722,702,42,22,5,0
0,1711,699,43,22,5,0
0,1657,668,42,21,5,0
0,1460,607,48,16,2,0
0,1494,630,48,15,4,0
0,1542,615,50,22,2,0
0,1440,633,48,22,5,0
0,1405,658,51,18,4,0
0,1437,656,54,22,4,0
0,1417,600,59,16,5,0
0,1427,654,48,16,2,0
0,1466,617,59,18,5,0
0,1274,534,48,10,3,0
0,1316,581,46,18,2,0
0,1523,669,40,12,6,0
0,1473,651,45,16,4,0
0,1377,572,46,16,7,0
0,1401,635,53,18,3,0
0,1439,627,52,20,1,0
0,1540,653,51,20,4,0
0,1410,623,38,15,2,0
0,1365,619,40,14,4,0
0,1356,569,38,23,4,0
0,1355,606,40,18,4,0
0,1347,597,39,16,4,0
0,1512,654,45,17,3,0
0,1473,663,39,19,4,0
0,1367,605,45,22,3,0
0,1430,613,40,18,2,0
0,1465,651,41,21,5,0
0,1298,562,47,13,2,0
0,1263,519,42,13,2,0
0,1445,638,38,21,3,0
0,1322,536,48,13,2,0
0,1325,607,35,15,4,0
0,1321,584,48,12,1,0
0,1350,614,47,17,4,0
1,4821,1853,307,135,50,1
1,4821,1854,307,135,50,1
1,4776,1837,315,136,48,1
1,4850,1862,306,135,50,1
1,4610,1721,303,119,47,1
1,4698,1769,307,149,48,1
1,4715,1783,301,134,54,1
1,4549,1808,272,147,51,1
1,4792,1845,302,134,50,1
1,4609,1786,293,127,48,1
1,4606,1802,270,132,54,1
1,4858,1864,308,135,50,1
1,4573,1772,295,133,53,1
1,4573,1772,295,133,53,1
1,4573,1772,295,133,53,1
1,4641,1824,291,128,49,1
1,4884,1858,305,136,47,1
1,4677,1809,299,145,50,1
1,4655,1775,298,133,53,1
0,1425,637,37,22,4,0
0,1400,638,40,13,5,0
0,1413,641,41,15,5,0
0,1434,624,46,11,3,0
0,1506,682,45,26,4,0
1,4860,1864,308,135,50,1
1,4579,1788,309,124,56,1
1,4739,1831,299,136,51,1
1,4554,1809,267,143,51,1
1,4860,1864,308,135,50,1
1,4757,1809,307,141,50,1
